userId,uid
1,0
3,1
4,2
6,3
7,4
8,5
9,6
10,7
12,8
13,9
14,10
15,11
16,12
17,13
18,14
19,15
20,16
22,17
24,18
27,19
28,20
29,21
30,22
34,23
35,24
36,25
37,26
38,27
39,28
41,29
42,30
43,31
44,32
47,33
49,34
50,35
51,36
52,37
53,38
54,39
55,40
56,41
57,42
59,43
60,44
62,45
63,46
64,47
65,48
66,49
67,50
68,51
69,52
70,53
71,54
72,55
73,56
74,57
75,58
76,59
78,60
79,61
80,62
81,63
82,64
84,65
86,66
88,67
90,68
91,69
94,70
95,71
96,72
97,73
98,74
99,75
100,76
101,77
103,78
104,79
105,80
106,81
107,82
108,83
109,84
111,85
112,86
113,87
114,88
116,89
117,90
118,91
119,92
120,93
121,94
124,95
125,96
126,97
127,98
128,99
129,100
130,101
131,102
132,103
135,104
136,105
137,106
138,107
139,108
140,109
141,110
142,111
143,112
145,113
146,114
148,115
149,116
150,117
151,118
152,119
153,120
154,121
155,122
156,123
157,124
158,125
159,126
160,127
161,128
162,129
164,130
165,131
166,132
167,133
169,134
170,135
171,136
172,137
173,138
174,139
175,140
176,141
177,142
178,143
180,144
181,145
182,146
183,147
184,148
185,149
186,150
187,151
188,152
189,153
190,154
192,155
193,156
194,157
196,158
197,159
198,160
199,161
201,162
202,163
204,164
205,165
206,166
207,167
208,168
212,169
213,170
215,171
218,172
219,173
220,174
221,175
222,176
226,177
228,178
229,179
230,180
232,181
233,182
234,183
235,184
236,185
237,186
238,187
239,188
240,189
241,190
243,191
244,192
245,193
246,194
247,195
248,196
249,197
250,198
251,199
252,200
254,201
255,202
256,203
257,204
258,205
259,206
263,207
265,208
266,209
267,210
271,211
272,212
273,213
274,214
275,215
277,216
278,217
280,218
281,219
283,220
284,221
285,222
287,223
288,224
289,225
291,226
292,227
293,228
295,229
296,230
297,231
299,232
300,233
303,234
306,235
307,236
309,237
310,238
311,239
312,240
313,241
314,242
315,243
316,244
317,245
318,246
319,247
320,248
322,249
323,250
324,251
325,252
326,253
330,254
331,255
332,256
334,257
335,258
337,259
338,260
339,261
340,262
341,263
342,264
343,265
345,266
346,267
347,268
348,269
350,270
351,271
353,272
354,273
355,274
356,275
358,276
359,277
360,278
361,279
362,280
363,281
364,282
365,283
366,284
367,285
368,286
369,287
370,288
371,289
372,290
373,291
374,292
375,293
376,294
377,295
379,296
380,297
381,298
382,299
383,300
384,301
385,302
386,303
387,304
388,305
390,306
391,307
392,308
393,309
394,310
397,311
398,312
399,313
400,314
401,315
403,316
404,317
405,318
406,319
407,320
408,321
409,322
410,323
412,324
413,325
415,326
416,327
417,328
418,329
419,330
420,331
421,332
424,333
425,334
427,335
428,336
430,337
431,338
434,339
435,340
436,341
437,342
438,343
439,344
440,345
441,346
442,347
443,348
444,349
445,350
446,351
447,352
448,353
449,354
450,355
451,356
452,357
453,358
455,359
456,360
457,361
459,362
460,363
461,364
462,365
464,366
465,367
466,368
468,369
469,370
470,371
472,372
473,373
474,374
475,375
476,376
478,377
479,378
481,379
483,380
484,381
485,382
486,383
488,384
489,385
490,386
492,387
494,388
495,389
496,390
497,391
498,392
499,393
502,394
503,395
504,396
505,397
506,398
507,399
508,400
509,401
510,402
511,403
512,404
514,405
515,406
517,407
518,408
519,409
520,410
521,411
523,412
525,413
526,414
527,415
528,416
529,417
530,418
531,419
532,420
533,421
534,422
535,423
537,424
538,425
539,426
540,427
541,428
542,429
543,430
544,431
547,432
550,433
551,434
552,435
553,436
554,437
555,438
556,439
557,440
558,441
560,442
562,443
565,444
566,445
567,446
568,447
570,448
571,449
572,450
573,451
574,452
575,453
576,454
577,455
578,456
579,457
580,458
581,459
582,460
584,461
586,462
588,463
589,464
590,465
591,466
592,467
594,468
595,469
597,470
598,471
599,472
600,473
601,474
603,475
605,476
606,477
607,478
608,479
609,480
610,481
611,482
613,483
614,484
615,485
616,486
617,487
619,488
621,489
622,490
623,491
624,492
626,493
627,494
628,495
629,496
630,497
631,498
632,499
633,500
634,501
635,502
636,503
637,504
638,505
639,506
640,507
641,508
642,509
644,510
645,511
646,512
647,513
648,514
650,515
653,516
654,517
657,518
659,519
661,520
663,521
664,522
665,523
666,524
667,525
668,526
669,527
670,528
671,529
672,530
673,531
674,532
675,533
677,534
678,535
679,536
681,537
682,538
683,539
684,540
685,541
686,542
687,543
688,544
690,545
691,546
692,547
694,548
695,549
696,550
697,551
698,552
699,553
700,554
701,555
703,556
706,557
708,558
709,559
710,560
711,561
714,562
715,563
716,564
718,565
719,566
720,567
721,568
722,569
723,570
724,571
725,572
726,573
727,574
728,575
729,576
730,577
731,578
733,579
734,580
735,581
736,582
737,583
739,584
740,585
742,586
743,587
745,588
746,589
750,590
751,591
752,592
753,593
754,594
755,595
756,596
757,597
758,598
760,599
761,600
762,601
763,602
764,603
766,604
767,605
768,606
769,607
770,608
771,609
772,610
773,611
774,612
775,613
776,614
777,615
778,616
779,617
781,618
784,619
785,620
786,621
787,622
788,623
789,624
790,625
792,626
793,627
794,628
797,629
798,630
802,631
803,632
805,633
806,634
807,635
808,636
809,637
810,638
811,639
813,640
814,641
815,642
816,643
817,644
818,645
819,646
820,647
822,648
823,649
824,650
825,651
826,652
827,653
828,654
829,655
830,656
831,657
832,658
833,659
834,660
837,661
838,662
839,663
840,664
841,665
842,666
843,667
845,668
846,669
847,670
848,671
849,672
851,673
852,674
853,675
854,676
855,677
857,678
858,679
859,680
860,681
861,682
862,683
863,684
865,685
867,686
868,687
869,688
870,689
871,690
872,691
873,692
874,693
875,694
876,695
877,696
879,697
880,698
881,699
883,700
884,701
885,702
886,703
887,704
890,705
891,706
892,707
894,708
895,709
896,710
897,711
898,712
899,713
902,714
903,715
904,716
905,717
907,718
908,719
910,720
911,721
912,722
914,723
916,724
917,725
918,726
919,727
922,728
923,729
924,730
925,731
926,732
928,733
930,734
931,735
932,736
933,737
935,738
936,739
937,740
938,741
939,742
940,743
942,744
943,745
944,746
945,747
946,748
948,749
949,750
951,751
952,752
953,753
954,754
955,755
956,756
957,757
958,758
959,759
961,760
962,761
963,762
964,763
965,764
966,765
967,766
968,767
969,768
971,769
972,770
974,771
976,772
978,773
979,774
982,775
983,776
984,777
985,778
986,779
987,780
989,781
990,782
991,783
992,784
994,785
995,786
996,787
997,788
998,789
1000,790
1002,791
1003,792
1005,793
1006,794
1007,795
1008,796
1009,797
1010,798
1011,799
1012,800
1013,801
1014,802
1015,803
1018,804
1019,805
1020,806
1021,807
1022,808
1023,809
1024,810
1026,811
1027,812
1028,813
1030,814
1031,815
1032,816
1035,817
1036,818
1038,819
1040,820
1041,821
1043,822
1045,823
1046,824
1047,825
1048,826
1049,827
1050,828
1051,829
1052,830
1053,831
1054,832
1055,833
1058,834
1061,835
1062,836
1063,837
1064,838
1065,839
1067,840
1068,841
1070,842
1071,843
1072,844
1073,845
1075,846
1076,847
1077,848
1078,849
1079,850
1080,851
1081,852
1082,853
1083,854
1085,855
1087,856
1088,857
1089,858
1090,859
1091,860
1092,861
1094,862
1095,863
1097,864
1098,865
1101,866
1103,867
1104,868
1105,869
1107,870
1108,871
1110,872
1111,873
1112,874
1113,875
1114,876
1115,877
1116,878
1118,879
1119,880
1121,881
1122,882
1123,883
1124,884
1125,885
1126,886
1128,887
1129,888
1131,889
1132,890
1134,891
1135,892
1136,893
1138,894
1139,895
1140,896
1142,897
1143,898
1144,899
1145,900
1147,901
1148,902
1149,903
1151,904
1152,905
1154,906
1155,907
1156,908
1157,909
1158,910
1160,911
1161,912
1162,913
1163,914
1164,915
1165,916
1166,917
1167,918
1168,919
1170,920
1171,921
1173,922
1175,923
1176,924
1177,925
1178,926
1179,927
1180,928
1181,929
1182,930
1183,931
1185,932
1186,933
1189,934
1190,935
1191,936
1193,937
1195,938
1196,939
1197,940
1198,941
1199,942
1200,943
1201,944
1202,945
1203,946
1204,947
1205,948
1207,949
1208,950
1210,951
1211,952
1212,953
1213,954
1215,955
1216,956
1217,957
1218,958
1220,959
1221,960
1225,961
1226,962
1229,963
1230,964
1231,965
1232,966
1233,967
1234,968
1236,969
1237,970
1238,971
1239,972
1240,973
1241,974
1242,975
1243,976
1244,977
1245,978
1247,979
1249,980
1250,981
1251,982
1252,983
1254,984
1255,985
1256,986
1258,987
1259,988
1260,989
1262,990
1264,991
1265,992
1267,993
1268,994
1269,995
1271,996
1272,997
1273,998
1274,999
1275,1000
1276,1001
1278,1002
1279,1003
1280,1004
1281,1005
1282,1006
1284,1007
1285,1008
1286,1009
1288,1010
1289,1011
1290,1012
1291,1013
1294,1014
1295,1015
1296,1016
1298,1017
1299,1018
1300,1019
1301,1020
1302,1021
1303,1022
1304,1023
1305,1024
1306,1025
1307,1026
1308,1027
1309,1028
1311,1029
1313,1030
1315,1031
1317,1032
1318,1033
1319,1034
1320,1035
1321,1036
1322,1037
1324,1038
1325,1039
1326,1040
1327,1041
1330,1042
1331,1043
1332,1044
1333,1045
1334,1046
1335,1047
1336,1048
1338,1049
1342,1050
1343,1051
1344,1052
1345,1053
1346,1054
1347,1055
1348,1056
1349,1057
1350,1058
1351,1059
1352,1060
1353,1061
1354,1062
1355,1063
1356,1064
1359,1065
1360,1066
1362,1067
1363,1068
1364,1069
1366,1070
1367,1071
1368,1072
1369,1073
1371,1074
1374,1075
1375,1076
1376,1077
1380,1078
1382,1079
1383,1080
1384,1081
1385,1082
1386,1083
1388,1084
1389,1085
1390,1086
1391,1087
1392,1088
1393,1089
1394,1090
1396,1091
1397,1092
1398,1093
1400,1094
1401,1095
1402,1096
1403,1097
1404,1098
1405,1099
1406,1100
1408,1101
1409,1102
1410,1103
1411,1104
1415,1105
1416,1106
1420,1107
1421,1108
1422,1109
1425,1110
1426,1111
1427,1112
1430,1113
1431,1114
1432,1115
1434,1116
1435,1117
1436,1118
1437,1119
1438,1120
1439,1121
1440,1122
1441,1123
1443,1124
1446,1125
1448,1126
1451,1127
1452,1128
1453,1129
1454,1130
1455,1131
1456,1132
1458,1133
1459,1134
1461,1135
1462,1136
1463,1137
1465,1138
1467,1139
1468,1140
1469,1141
1470,1142
1471,1143
1472,1144
1473,1145
1475,1146
1476,1147
1477,1148
1478,1149
1479,1150
1481,1151
1485,1152
1486,1153
1488,1154
1490,1155
1493,1156
1494,1157
1497,1158
1499,1159
1501,1160
1502,1161
1504,1162
1505,1163
1506,1164
1507,1165
1511,1166
1513,1167
1515,1168
1517,1169
1518,1170
1519,1171
1520,1172
1521,1173
1522,1174
1523,1175
1524,1176
1525,1177
1526,1178
1527,1179
1528,1180
1529,1181
1530,1182
1531,1183
1532,1184
1533,1185
1534,1186
1535,1187
1536,1188
1538,1189
1539,1190
1540,1191
1541,1192
1542,1193
1543,1194
1544,1195
1545,1196
1546,1197
1547,1198
1550,1199
1551,1200
1553,1201
1554,1202
1555,1203
1556,1204
1558,1205
1559,1206
1561,1207
1563,1208
1565,1209
1566,1210
1567,1211
1568,1212
1569,1213
1570,1214
1571,1215
1572,1216
1573,1217
1575,1218
1576,1219
1577,1220
1578,1221
1579,1222
1580,1223
1581,1224
1582,1225
1584,1226
1585,1227
1586,1228
1590,1229
1591,1230
1592,1231
1593,1232
1595,1233
1596,1234
1599,1235
1601,1236
1602,1237
1604,1238
1605,1239
1606,1240
1609,1241
1610,1242
1611,1243
1612,1244
1613,1245
1615,1246
1618,1247
1619,1248
1620,1249
1621,1250
1622,1251
1623,1252
1624,1253
1625,1254
1627,1255
1628,1256
1631,1257
1633,1258
1634,1259
1637,1260
1638,1261
1639,1262
1641,1263
1643,1264
1644,1265
1647,1266
1649,1267
1650,1268
1652,1269
1653,1270
1654,1271
1655,1272
1656,1273
1657,1274
1658,1275
1659,1276
1660,1277
1661,1278
1663,1279
1664,1280
1665,1281
1668,1282
1669,1283
1670,1284
1673,1285
1674,1286
1676,1287
1677,1288
1678,1289
1679,1290
1681,1291
1682,1292
1684,1293
1687,1294
1688,1295
1689,1296
1690,1297
1691,1298
1692,1299
1693,1300
1694,1301
1695,1302
1696,1303
1697,1304
1698,1305
1699,1306
1700,1307
1701,1308
1702,1309
1703,1310
1704,1311
1705,1312
1707,1313
1708,1314
1710,1315
1712,1316
1713,1317
1714,1318
1715,1319
1716,1320
1717,1321
1718,1322
1720,1323
1722,1324
1723,1325
1724,1326
1725,1327
1727,1328
1728,1329
1730,1330
1731,1331
1732,1332
1733,1333
1734,1334
1735,1335
1736,1336
1738,1337
1739,1338
1740,1339
1741,1340
1742,1341
1743,1342
1744,1343
1745,1344
1746,1345
1748,1346
1751,1347
1752,1348
1753,1349
1756,1350
1758,1351
1759,1352
1762,1353
1763,1354
1764,1355
1765,1356
1766,1357
1767,1358
1771,1359
1773,1360
1775,1361
1776,1362
1777,1363
1778,1364
1781,1365
1782,1366
1783,1367
1784,1368
1786,1369
1787,1370
1789,1371
1790,1372
1791,1373
1792,1374
1795,1375
1796,1376
1797,1377
1799,1378
1800,1379
1801,1380
1802,1381
1803,1382
1804,1383
1805,1384
1806,1385
1807,1386
1808,1387
1809,1388
1810,1389
1811,1390
1812,1391
1813,1392
1814,1393
1816,1394
1817,1395
1819,1396
1820,1397
1821,1398
1822,1399
1823,1400
1825,1401
1826,1402
1829,1403
1830,1404
1831,1405
1832,1406
1834,1407
1835,1408
1836,1409
1837,1410
1838,1411
1839,1412
1840,1413
1843,1414
1844,1415
1845,1416
1846,1417
1847,1418
1848,1419
1849,1420
1850,1421
1852,1422
1853,1423
1854,1424
1855,1425
1856,1426
1857,1427
1858,1428
1861,1429
1862,1430
1863,1431
1864,1432
1866,1433
1867,1434
1868,1435
1869,1436
1870,1437
1871,1438
1872,1439
1873,1440
1874,1441
1875,1442
1876,1443
1879,1444
1880,1445
1881,1446
1882,1447
1883,1448
1884,1449
1885,1450
1886,1451
1887,1452
1889,1453
1890,1454
1891,1455
1892,1456
1893,1457
1894,1458
1895,1459
1896,1460
1898,1461
1899,1462
1900,1463
1901,1464
1902,1465
1903,1466
1904,1467
1905,1468
1906,1469
1907,1470
1908,1471
1909,1472
1910,1473
1911,1474
1913,1475
1914,1476
1915,1477
1916,1478
1917,1479
1919,1480
1920,1481
1921,1482
1922,1483
1923,1484
1925,1485
1926,1486
1927,1487
1928,1488
1929,1489
1930,1490
1931,1491
1933,1492
1936,1493
1937,1494
1939,1495
1940,1496
1941,1497
1943,1498
1946,1499
1947,1500
1949,1501
1952,1502
1953,1503
1954,1504
1955,1505
1956,1506
1957,1507
1959,1508
1961,1509
1962,1510
1963,1511
1964,1512
1965,1513
1966,1514
1970,1515
1971,1516
1972,1517
1973,1518
1974,1519
1975,1520
1976,1521
1977,1522
1978,1523
1980,1524
1981,1525
1982,1526
1983,1527
1985,1528
1986,1529
1987,1530
1988,1531
1990,1532
1991,1533
1993,1534
1994,1535
1995,1536
1997,1537
1998,1538
1999,1539
2000,1540
2002,1541
2003,1542
2004,1543
2006,1544
2007,1545
2008,1546
2009,1547
2013,1548
2014,1549
2016,1550
2017,1551
2018,1552
2019,1553
2020,1554
2021,1555
2022,1556
2025,1557
2027,1558
2030,1559
2031,1560
2034,1561
2036,1562
2038,1563
2040,1564
2042,1565
2043,1566
2044,1567
2045,1568
2046,1569
2048,1570
2049,1571
2050,1572
2051,1573
2052,1574
2055,1575
2056,1576
2057,1577
2058,1578
2060,1579
2061,1580
2062,1581
2063,1582
2065,1583
2066,1584
2067,1585
2068,1586
2069,1587
2070,1588
2071,1589
2073,1590
2074,1591
2075,1592
2076,1593
2077,1594
2078,1595
2079,1596
2080,1597
2082,1598
2083,1599
2084,1600
2085,1601
2086,1602
2088,1603
2089,1604
2090,1605
2091,1606
2094,1607
2095,1608
2096,1609
2097,1610
2098,1611
2099,1612
2100,1613
2101,1614
2103,1615
2104,1616
2105,1617
2107,1618
2108,1619
2109,1620
2111,1621
2112,1622
2113,1623
2114,1624
2115,1625
2116,1626
2117,1627
2118,1628
2120,1629
2121,1630
2122,1631
2123,1632
2124,1633
2125,1634
2126,1635
2128,1636
2130,1637
2133,1638
2136,1639
2137,1640
2138,1641
2139,1642
2140,1643
2141,1644
2143,1645
2144,1646
2148,1647
2149,1648
2152,1649
2153,1650
2154,1651
2155,1652
2158,1653
2159,1654
2160,1655
2161,1656
2162,1657
2163,1658
2165,1659
2166,1660
2169,1661
2170,1662
2171,1663
2172,1664
2173,1665
2174,1666
2175,1667
2176,1668
2177,1669
2179,1670
2180,1671
2182,1672
2183,1673
2184,1674
2185,1675
2186,1676
2187,1677
2189,1678
2190,1679
2192,1680
2193,1681
2195,1682
2196,1683
2197,1684
2198,1685
2199,1686
2201,1687
2205,1688
2206,1689
2207,1690
2208,1691
2209,1692
2210,1693
2214,1694
2215,1695
2218,1696
2219,1697
2220,1698
2221,1699
2222,1700
2224,1701
2225,1702
2226,1703
2227,1704
2228,1705
2229,1706
2231,1707
2232,1708
2233,1709
2234,1710
2235,1711
2238,1712
2239,1713
2240,1714
2241,1715
2243,1716
2245,1717
2246,1718
2247,1719
2248,1720
2249,1721
2252,1722
2253,1723
2254,1724
2255,1725
2256,1726
2257,1727
2258,1728
2259,1729
2260,1730
2261,1731
2262,1732
2263,1733
2264,1734
2265,1735
2266,1736
2268,1737
2269,1738
2270,1739
2271,1740
2272,1741
2273,1742
2274,1743
2275,1744
2276,1745
2277,1746
2278,1747
2280,1748
2281,1749
2282,1750
2283,1751
2285,1752
2286,1753
2287,1754
2289,1755
2290,1756
2291,1757
2292,1758
2293,1759
2294,1760
2295,1761
2297,1762
2298,1763
2300,1764
2301,1765
2302,1766
2303,1767
2304,1768
2307,1769
2308,1770
2309,1771
2310,1772
2311,1773
2312,1774
2316,1775
2317,1776
2319,1777
2321,1778
2322,1779
2324,1780
2325,1781
2326,1782
2328,1783
2329,1784
2331,1785
2332,1786
2334,1787
2335,1788
2336,1789
2337,1790
2338,1791
2339,1792
2340,1793
2341,1794
2342,1795
2343,1796
2345,1797
2346,1798
2347,1799
2348,1800
2349,1801
2350,1802
2351,1803
2353,1804
2354,1805
2357,1806
2358,1807
2359,1808
2360,1809
2362,1810
2363,1811
2364,1812
2365,1813
2367,1814
2368,1815
2369,1816
2370,1817
2372,1818
2373,1819
2374,1820
2375,1821
2376,1822
2377,1823
2378,1824
2379,1825
2380,1826
2381,1827
2382,1828
2383,1829
2384,1830
2385,1831
2386,1832
2387,1833
2388,1834
2389,1835
2390,1836
2391,1837
2392,1838
2393,1839
2394,1840
2395,1841
2396,1842
2397,1843
2398,1844
2399,1845
2401,1846
2403,1847
2404,1848
2405,1849
2406,1850
2407,1851
2408,1852
2409,1853
2410,1854
2411,1855
2412,1856
2414,1857
2415,1858
2416,1859
2417,1860
2418,1861
2419,1862
2420,1863
2421,1864
2422,1865
2423,1866
2424,1867
2426,1868
2427,1869
2428,1870
2429,1871
2430,1872
2431,1873
2433,1874
2435,1875
2436,1876
2438,1877
2440,1878
2442,1879
2443,1880
2444,1881
2447,1882
2448,1883
2450,1884
2451,1885
2452,1886
2453,1887
2455,1888
2457,1889
2459,1890
2460,1891
2461,1892
2462,1893
2464,1894
2465,1895
2466,1896
2467,1897
2468,1898
2469,1899
2471,1900
2473,1901
2474,1902
2475,1903
2476,1904
2477,1905
2478,1906
2479,1907
2480,1908
2481,1909
2482,1910
2483,1911
2484,1912
2485,1913
2486,1914
2488,1915
2489,1916
2491,1917
2492,1918
2496,1919
2497,1920
2499,1921
2500,1922
2501,1923
2502,1924
2503,1925
2504,1926
2505,1927
2506,1928
2507,1929
2508,1930
2509,1931
2510,1932
2511,1933
2512,1934
2513,1935
2514,1936
2515,1937
2516,1938
2517,1939
2518,1940
2519,1941
2520,1942
2521,1943
2523,1944
2524,1945
2525,1946
2527,1947
2529,1948
2530,1949
2531,1950
2532,1951
2533,1952
2534,1953
2535,1954
2537,1955
2538,1956
2539,1957
2542,1958
2543,1959
2544,1960
2545,1961
2546,1962
2547,1963
2548,1964
2550,1965
2553,1966
2554,1967
2555,1968
2556,1969
2557,1970
2558,1971
2559,1972
2560,1973
2561,1974
2562,1975
2563,1976
2564,1977
2565,1978
2566,1979
2567,1980
2568,1981
2570,1982
2571,1983
2572,1984
2573,1985
2574,1986
2575,1987
2578,1988
2579,1989
2580,1990
2581,1991
2582,1992
2583,1993
2584,1994
2585,1995
2586,1996
2587,1997
2588,1998
2589,1999
2590,2000
2591,2001
2592,2002
2593,2003
2595,2004
2596,2005
2597,2006
2598,2007
2601,2008
2602,2009
2603,2010
2604,2011
2605,2012
2606,2013
2607,2014
2608,2015
2609,2016
2610,2017
2613,2018
2614,2019
2615,2020
2616,2021
2617,2022
2619,2023
2620,2024
2622,2025
2623,2026
2624,2027
2625,2028
2626,2029
2627,2030
2629,2031
2630,2032
2631,2033
2632,2034
2633,2035
2634,2036
2635,2037
2636,2038
2637,2039
2638,2040
2639,2041
2640,2042
2642,2043
2644,2044
2645,2045
2646,2046
2647,2047
2648,2048
2649,2049
2652,2050
2654,2051
2655,2052
2656,2053
2657,2054
2658,2055
2659,2056
2660,2057
2662,2058
2664,2059
2666,2060
2667,2061
2670,2062
2671,2063
2672,2064
2674,2065
2676,2066
2677,2067
2678,2068
2679,2069
2683,2070
2684,2071
2685,2072
2687,2073
2688,2074
2689,2075
2690,2076
2691,2077
2692,2078
2694,2079
2697,2080
2698,2081
2699,2082
2700,2083
2701,2084
2702,2085
2703,2086
2704,2087
2705,2088
2706,2089
2707,2090
2708,2091
2712,2092
2713,2093
2714,2094
2715,2095
2716,2096
2717,2097
2718,2098
2719,2099
2722,2100
2724,2101
2725,2102
2726,2103
2727,2104
2728,2105
2729,2106
2730,2107
2731,2108
2733,2109
2734,2110
2736,2111
2737,2112
2738,2113
2739,2114
2740,2115
2741,2116
2744,2117
2745,2118
2746,2119
2747,2120
2748,2121
2749,2122
2750,2123
2751,2124
2752,2125
2753,2126
2754,2127
2755,2128
2756,2129
2757,2130
2758,2131
2759,2132
2760,2133
2762,2134
2764,2135
2765,2136
2766,2137
2767,2138
2768,2139
2769,2140
2771,2141
2774,2142
2775,2143
2776,2144
2777,2145
2778,2146
2779,2147
2780,2148
2781,2149
2782,2150
2783,2151
2784,2152
2785,2153
2786,2154
2787,2155
2788,2156
2789,2157
2790,2158
2791,2159
2794,2160
2795,2161
2798,2162
2799,2163
2800,2164
2801,2165
2802,2166
2803,2167
2804,2168
2805,2169
2806,2170
2808,2171
2810,2172
2811,2173
2812,2174
2814,2175
2815,2176
2816,2177
2817,2178
2818,2179
2820,2180
2822,2181
2823,2182
2824,2183
2825,2184
2826,2185
2827,2186
2828,2187
2831,2188
2832,2189
2834,2190
2836,2191
2838,2192
2839,2193
2842,2194
2845,2195
2846,2196
2847,2197
2849,2198
2851,2199
2852,2200
2854,2201
2855,2202
2856,2203
2858,2204
2859,2205
2860,2206
2861,2207
2862,2208
2863,2209
2864,2210
2865,2211
2867,2212
2869,2213
2871,2214
2872,2215
2873,2216
2874,2217
2875,2218
2876,2219
2877,2220
2879,2221
2880,2222
2881,2223
2883,2224
2884,2225
2885,2226
2886,2227
2887,2228
2888,2229
2889,2230
2891,2231
2893,2232
2895,2233
2896,2234
2897,2235
2898,2236
2899,2237
2900,2238
2901,2239
2904,2240
2905,2241
2906,2242
2907,2243
2908,2244
2910,2245
2913,2246
2914,2247
2915,2248
2916,2249
2917,2250
2918,2251
2919,2252
2922,2253
2923,2254
2924,2255
2927,2256
2928,2257
2929,2258
2931,2259
2932,2260
2933,2261
2935,2262
2936,2263
2937,2264
2938,2265
2939,2266
2940,2267
2942,2268
2943,2269
2944,2270
2945,2271
2948,2272
2949,2273
2951,2274
2952,2275
2953,2276
2954,2277
2955,2278
2956,2279
2957,2280
2959,2281
2960,2282
2961,2283
2963,2284
2964,2285
2965,2286
2966,2287
2967,2288
2969,2289
2970,2290
2971,2291
2973,2292
2974,2293
2975,2294
2976,2295
2978,2296
2979,2297
2980,2298
2981,2299
2983,2300
2984,2301
2985,2302
2986,2303
2991,2304
2992,2305
2993,2306
2995,2307
2997,2308
2998,2309
3001,2310
3002,2311
3003,2312
3004,2313
3006,2314
3007,2315
3008,2316
3009,2317
3011,2318
3013,2319
3014,2320
3015,2321
3017,2322
3018,2323
3019,2324
3020,2325
3023,2326
3024,2327
3025,2328
3027,2329
3028,2330
3029,2331
3030,2332
3031,2333
3032,2334
3033,2335
3035,2336
3036,2337
3037,2338
3038,2339
3039,2340
3040,2341
3041,2342
3042,2343
3044,2344
3045,2345
3046,2346
3047,2347
3048,2348
3049,2349
3050,2350
3051,2351
3053,2352
3054,2353
3056,2354
3057,2355
3058,2356
3059,2357
3060,2358
3061,2359
3064,2360
3065,2361
3066,2362
3067,2363
3068,2364
3070,2365
3072,2366
3073,2367
3074,2368
3075,2369
3076,2370
3077,2371
3078,2372
3079,2373
3080,2374
3081,2375
3083,2376
3084,2377
3085,2378
3086,2379
3087,2380
3088,2381
3089,2382
3090,2383
3091,2384
3092,2385
3093,2386
3094,2387
3095,2388
3096,2389
3097,2390
3098,2391
3100,2392
3101,2393
3103,2394
3104,2395
3105,2396
3106,2397
3108,2398
3109,2399
3110,2400
3112,2401
3113,2402
3114,2403
3115,2404
3116,2405
3117,2406
3118,2407
3121,2408
3122,2409
3124,2410
3125,2411
3126,2412
3128,2413
3129,2414
3130,2415
3132,2416
3133,2417
3134,2418
3135,2419
3136,2420
3137,2421
3138,2422
3139,2423
3141,2424
3143,2425
3144,2426
3145,2427
3146,2428
3147,2429
3148,2430
3149,2431
3150,2432
3151,2433
3152,2434
3153,2435
3155,2436
3156,2437
3157,2438
3158,2439
3159,2440
3160,2441
3161,2442
3163,2443
3164,2444
3166,2445
3169,2446
3170,2447
3171,2448
3173,2449
3174,2450
3175,2451
3177,2452
3179,2453
3181,2454
3182,2455
3183,2456
3184,2457
3185,2458
3186,2459
3187,2460
3188,2461
3190,2462
3192,2463
3194,2464
3195,2465
3196,2466
3198,2467
3199,2468
3200,2469
3201,2470
3202,2471
3203,2472
3204,2473
3206,2474
3207,2475
3208,2476
3210,2477
3211,2478
3212,2479
3213,2480
3214,2481
3215,2482
3216,2483
3217,2484
3218,2485
3219,2486
3220,2487
3221,2488
3223,2489
3224,2490
3225,2491
3226,2492
3230,2493
3231,2494
3232,2495
3233,2496
3234,2497
3235,2498
3237,2499
3238,2500
3239,2501
3242,2502
3243,2503
3244,2504
3247,2505
3248,2506
3250,2507
3254,2508
3255,2509
3256,2510
3257,2511
3259,2512
3260,2513
3263,2514
3264,2515
3266,2516
3267,2517
3268,2518
3269,2519
3270,2520
3271,2521
3272,2522
3273,2523
3274,2524
3275,2525
3277,2526
3278,2527
3281,2528
3282,2529
3283,2530
3284,2531
3285,2532
3286,2533
3287,2534
3288,2535
3289,2536
3291,2537
3292,2538
3293,2539
3295,2540
3296,2541
3298,2542
3299,2543
3301,2544
3302,2545
3303,2546
3304,2547
3305,2548
3306,2549
3307,2550
3308,2551
3309,2552
3310,2553
3313,2554
3314,2555
3315,2556
3316,2557
3317,2558
3318,2559
3319,2560
3321,2561
3322,2562
3323,2563
3324,2564
3326,2565
3328,2566
3329,2567
3330,2568
3333,2569
3334,2570
3335,2571
3337,2572
3338,2573
3339,2574
3340,2575
3341,2576
3342,2577
3343,2578
3344,2579
3345,2580
3346,2581
3347,2582
3348,2583
3349,2584
3350,2585
3351,2586
3352,2587
3353,2588
3355,2589
3356,2590
3357,2591
3358,2592
3359,2593
3360,2594
3361,2595
3362,2596
3363,2597
3365,2598
3367,2599
3369,2600
3370,2601
3371,2602
3372,2603
3375,2604
3377,2605
3378,2606
3379,2607
3380,2608
3381,2609
3382,2610
3383,2611
3384,2612
3385,2613
3387,2614
3388,2615
3390,2616
3391,2617
3392,2618
3393,2619
3394,2620
3395,2621
3396,2622
3397,2623
3399,2624
3400,2625
3402,2626
3403,2627
3404,2628
3405,2629
3406,2630
3407,2631
3409,2632
3410,2633
3411,2634
3412,2635
3413,2636
3414,2637
3415,2638
3417,2639
3418,2640
3419,2641
3420,2642
3421,2643
3422,2644
3423,2645
3424,2646
3425,2647
3426,2648
3427,2649
3428,2650
3429,2651
3430,2652
3431,2653
3432,2654
3434,2655
3436,2656
3437,2657
3438,2658
3439,2659
3440,2660
3441,2661
3442,2662
3443,2663
3445,2664
3446,2665
3447,2666
3448,2667
3449,2668
3451,2669
3452,2670
3455,2671
3456,2672
3457,2673
3458,2674
3459,2675
3460,2676
3461,2677
3463,2678
3464,2679
3465,2680
3466,2681
3467,2682
3468,2683
3469,2684
3470,2685
3471,2686
3472,2687
3473,2688
3474,2689
3477,2690
3478,2691
3479,2692
3480,2693
3481,2694
3482,2695
3483,2696
3485,2697
3487,2698
3488,2699
3491,2700
3492,2701
3494,2702
3496,2703
3497,2704
3499,2705
3500,2706
3501,2707
3502,2708
3503,2709
3504,2710
3506,2711
3508,2712
3509,2713
3510,2714
3511,2715
3512,2716
3513,2717
3514,2718
3515,2719
3516,2720
3517,2721
3518,2722
3519,2723
3520,2724
3521,2725
3522,2726
3523,2727
3524,2728
3525,2729
3530,2730
3531,2731
3533,2732
3534,2733
3535,2734
3536,2735
3539,2736
3540,2737
3541,2738
3542,2739
3543,2740
3544,2741
3545,2742
3546,2743
3547,2744
3549,2745
3550,2746
3551,2747
3552,2748
3554,2749
3556,2750
3558,2751
3559,2752
3560,2753
3561,2754
3562,2755
3563,2756
3564,2757
3565,2758
3566,2759
3568,2760
3570,2761
3571,2762
3572,2763
3573,2764
3574,2765
3575,2766
3576,2767
3577,2768
3578,2769
3579,2770
3580,2771
3581,2772
3583,2773
3585,2774
3586,2775
3587,2776
3588,2777
3590,2778
3591,2779
3592,2780
3593,2781
3594,2782
3595,2783
3596,2784
3597,2785
3599,2786
3602,2787
3604,2788
3605,2789
3606,2790
3608,2791
3611,2792
3612,2793
3613,2794
3614,2795
3615,2796
3616,2797
3619,2798
3620,2799
3621,2800
3622,2801
3623,2802
3624,2803
3626,2804
3627,2805
3628,2806
3629,2807
3630,2808
3631,2809
3632,2810
3633,2811
3634,2812
3635,2813
3638,2814
3640,2815
3643,2816
3644,2817
3646,2818
3648,2819
3649,2820
3650,2821
3651,2822
3652,2823
3653,2824
3654,2825
3655,2826
3657,2827
3659,2828
3660,2829
3661,2830
3663,2831
3664,2832
3665,2833
3666,2834
3667,2835
3668,2836
3669,2837
3670,2838
3671,2839
3672,2840
3673,2841
3674,2842
3675,2843
3676,2844
3678,2845
3679,2846
3680,2847
3681,2848
3682,2849
3683,2850
3684,2851
3686,2852
3687,2853
3688,2854
3690,2855
3691,2856
3692,2857
3693,2858
3694,2859
3695,2860
3696,2861
3697,2862
3699,2863
3700,2864
3701,2865
3702,2866
3704,2867
3705,2868
3707,2869
3708,2870
3710,2871
3711,2872
3712,2873
3713,2874
3716,2875
3717,2876
3718,2877
3719,2878
3721,2879
3722,2880
3723,2881
3724,2882
3725,2883
3727,2884
3728,2885
3729,2886
3730,2887
3731,2888
3732,2889
3733,2890
3734,2891
3735,2892
3736,2893
3737,2894
3738,2895
3739,2896
3740,2897
3741,2898
3742,2899
3743,2900
3744,2901
3746,2902
3747,2903
3748,2904
3750,2905
3751,2906
3752,2907
3754,2908
3755,2909
3756,2910
3758,2911
3759,2912
3760,2913
3761,2914
3762,2915
3763,2916
3764,2917
3765,2918
3769,2919
3770,2920
3772,2921
3773,2922
3774,2923
3775,2924
3776,2925
3777,2926
3778,2927
3779,2928
3780,2929
3781,2930
3782,2931
3783,2932
3784,2933
3785,2934
3786,2935
3787,2936
3788,2937
3789,2938
3792,2939
3795,2940
3796,2941
3797,2942
3799,2943
3800,2944
3801,2945
3802,2946
3803,2947
3804,2948
3805,2949
3807,2950
3809,2951
3810,2952
3811,2953
3812,2954
3813,2955
3815,2956
3816,2957
3817,2958
3818,2959
3819,2960
3820,2961
3822,2962
3823,2963
3826,2964
3827,2965
3828,2966
3830,2967
3832,2968
3833,2969
3834,2970
3835,2971
3837,2972
3840,2973
3845,2974
3847,2975
3848,2976
3849,2977
3851,2978
3852,2979
3853,2980
3854,2981
3855,2982
3856,2983
3857,2984
3858,2985
3859,2986
3860,2987
3861,2988
3863,2989
3864,2990
3865,2991
3866,2992
3867,2993
3869,2994
3870,2995
3871,2996
3872,2997
3874,2998
3876,2999
3877,3000
3878,3001
3879,3002
3880,3003
3881,3004
3882,3005
3883,3006
3884,3007
3886,3008
3887,3009
3889,3010
3890,3011
3891,3012
3894,3013
3895,3014
3897,3015
3898,3016
3899,3017
3900,3018
3901,3019
3902,3020
3903,3021
3904,3022
3905,3023
3906,3024
3907,3025
3908,3026
3909,3027
3910,3028
3911,3029
3912,3030
3914,3031
3915,3032
3917,3033
3918,3034
3919,3035
3920,3036
3921,3037
3923,3038
3925,3039
3927,3040
3928,3041
3930,3042
3931,3043
3932,3044
3933,3045
3935,3046
3936,3047
3937,3048
3938,3049
3939,3050
3940,3051
3943,3052
3944,3053
3945,3054
3946,3055
3947,3056
3949,3057
3950,3058
3952,3059
3953,3060
3955,3061
3956,3062
3957,3063
3960,3064
3961,3065
3962,3066
3963,3067
3964,3068
3965,3069
3966,3070
3968,3071
3970,3072
3972,3073
3973,3074
3974,3075
3975,3076
3976,3077
3977,3078
3978,3079
3979,3080
3981,3081
3982,3082
3984,3083
3985,3084
3986,3085
3987,3086
3989,3087
3990,3088
3991,3089
3992,3090
3993,3091
3994,3092
3995,3093
3996,3094
3999,3095
4000,3096
4001,3097
4002,3098
4003,3099
4005,3100
4006,3101
4010,3102
4011,3103
4015,3104
4017,3105
4018,3106
4019,3107
4021,3108
4022,3109
4024,3110
4025,3111
4027,3112
4029,3113
4030,3114
4031,3115
4032,3116
4034,3117
4035,3118
4036,3119
4037,3120
4038,3121
4039,3122
4041,3123
4042,3124
4043,3125
4044,3126
4045,3127
4046,3128
4047,3129
4048,3130
4050,3131
4051,3132
4052,3133
4053,3134
4054,3135
4057,3136
4058,3137
4059,3138
4060,3139
4061,3140
4062,3141
4064,3142
4065,3143
4066,3144
4067,3145
4068,3146
4069,3147
4071,3148
4073,3149
4074,3150
4075,3151
4077,3152
4080,3153
4081,3154
4082,3155
4084,3156
4085,3157
4086,3158
4087,3159
4088,3160
4089,3161
4090,3162
4091,3163
4092,3164
4093,3165
4094,3166
4095,3167
4096,3168
4097,3169
4098,3170
4099,3171
4100,3172
4101,3173
4104,3174
4107,3175
4108,3176
4109,3177
4110,3178
4111,3179
4113,3180
4114,3181
4115,3182
4116,3183
4117,3184
4118,3185
4120,3186
4121,3187
4122,3188
4123,3189
4126,3190
4127,3191
4128,3192
4129,3193
4130,3194
4132,3195
4133,3196
4134,3197
4135,3198
4136,3199
4137,3200
4138,3201
4139,3202
4140,3203
4141,3204
4142,3205
4143,3206
4144,3207
4145,3208
4146,3209
4147,3210
4148,3211
4149,3212
4150,3213
4151,3214
4152,3215
4153,3216
4154,3217
4155,3218
4156,3219
4157,3220
4158,3221
4159,3222
4162,3223
4163,3224
4164,3225
4165,3226
4166,3227
4167,3228
4168,3229
4170,3230
4171,3231
4172,3232
4174,3233
4175,3234
4176,3235
4177,3236
4178,3237
4179,3238
4180,3239
4182,3240
4184,3241
4186,3242
4187,3243
4188,3244
4189,3245
4190,3246
4191,3247
4193,3248
4194,3249
4195,3250
4196,3251
4197,3252
4198,3253
4199,3254
4200,3255
4201,3256
4202,3257
4203,3258
4204,3259
4205,3260
4206,3261
4207,3262
4208,3263
4209,3264
4210,3265
4211,3266
4213,3267
4214,3268
4215,3269
4216,3270
4217,3271
4219,3272
4220,3273
4221,3274
4222,3275
4225,3276
4226,3277
4228,3278
4229,3279
4230,3280
4232,3281
4234,3282
4235,3283
4236,3284
4237,3285
4239,3286
4240,3287
4241,3288
4242,3289
4243,3290
4244,3291
4245,3292
4247,3293
4248,3294
4250,3295
4251,3296
4253,3297
4254,3298
4255,3299
4256,3300
4258,3301
4259,3302
4260,3303
4262,3304
4263,3305
4264,3306
4265,3307
4266,3308
4269,3309
4270,3310
4272,3311
4273,3312
4275,3313
4276,3314
4277,3315
4278,3316
4279,3317
4280,3318
4282,3319
4283,3320
4285,3321
4288,3322
4293,3323
4296,3324
4297,3325
4298,3326
4299,3327
4300,3328
4301,3329
4304,3330
4307,3331
4309,3332
4312,3333
4313,3334
4314,3335
4315,3336
4316,3337
4317,3338
4318,3339
4319,3340
4320,3341
4321,3342
4322,3343
4323,3344
4324,3345
4326,3346
4327,3347
4328,3348
4329,3349
4330,3350
4331,3351
4332,3352
4333,3353
4335,3354
4336,3355
4337,3356
4338,3357
4340,3358
4341,3359
4342,3360
4343,3361
4345,3362
4346,3363
4347,3364
4348,3365
4350,3366
4351,3367
4352,3368
4356,3369
4357,3370
4358,3371
4359,3372
4361,3373
4362,3374
4363,3375
4366,3376
4367,3377
4368,3378
4370,3379
4371,3380
4373,3381
4374,3382
4375,3383
4376,3384
4379,3385
4380,3386
4384,3387
4385,3388
4386,3389
4387,3390
4391,3391
4393,3392
4394,3393
4395,3394
4396,3395
4397,3396
4398,3397
4399,3398
4400,3399
4401,3400
4403,3401
4404,3402
4405,3403
4406,3404
4408,3405
4409,3406
4410,3407
4411,3408
4412,3409
4413,3410
4417,3411
4418,3412
4419,3413
4420,3414
4422,3415
4423,3416
4424,3417
4426,3418
4427,3419
4428,3420
4429,3421
4431,3422
4432,3423
4433,3424
4434,3425
4438,3426
4440,3427
4443,3428
4444,3429
4447,3430
4448,3431
4449,3432
4451,3433
4452,3434
4455,3435
4456,3436
4457,3437
4459,3438
4461,3439
4463,3440
4464,3441
4465,3442
4466,3443
4467,3444
4468,3445
4469,3446
4471,3447
4473,3448
4475,3449
4477,3450
4478,3451
4479,3452
4481,3453
4482,3454
4483,3455
4484,3456
4487,3457
4489,3458
4490,3459
4491,3460
4492,3461
4494,3462
4496,3463
4497,3464
4499,3465
4501,3466
4502,3467
4503,3468
4505,3469
4506,3470
4507,3471
4509,3472
4510,3473
4511,3474
4512,3475
4513,3476
4515,3477
4516,3478
4517,3479
4518,3480
4519,3481
4520,3482
4521,3483
4524,3484
4525,3485
4526,3486
4527,3487
4528,3488
4530,3489
4532,3490
4533,3491
4534,3492
4535,3493
4536,3494
4537,3495
4541,3496
4542,3497
4543,3498
4544,3499
4545,3500
4546,3501
4547,3502
4548,3503
4549,3504
4550,3505
4551,3506
4552,3507
4553,3508
4554,3509
4555,3510
4556,3511
4557,3512
4558,3513
4559,3514
4560,3515
4561,3516
4562,3517
4563,3518
4564,3519
4565,3520
4566,3521
4567,3522
4568,3523
4569,3524
4570,3525
4571,3526
4573,3527
4574,3528
4575,3529
4576,3530
4577,3531
4578,3532
4580,3533
4582,3534
4584,3535
4585,3536
4586,3537
4587,3538
4588,3539
4589,3540
4590,3541
4591,3542
4592,3543
4593,3544
4594,3545
4595,3546
4596,3547
4597,3548
4598,3549
4599,3550
4600,3551
4601,3552
4602,3553
4605,3554
4606,3555
4607,3556
4608,3557
4610,3558
4611,3559
4612,3560
4613,3561
4614,3562
4615,3563
4616,3564
4618,3565
4620,3566
4622,3567
4623,3568
4624,3569
4625,3570
4627,3571
4628,3572
4629,3573
4630,3574
4631,3575
4632,3576
4633,3577
4634,3578
4635,3579
4637,3580
4639,3581
4641,3582
4645,3583
4647,3584
4648,3585
4649,3586
4650,3587
4651,3588
4652,3589
4653,3590
4654,3591
4655,3592
4657,3593
4659,3594
4660,3595
4661,3596
4663,3597
4664,3598
4665,3599
4666,3600
4667,3601
4668,3602
4669,3603
4670,3604
4671,3605
4672,3606
4673,3607
4674,3608
4675,3609
4677,3610
4678,3611
4679,3612
4681,3613
4682,3614
4684,3615
4686,3616
4687,3617
4688,3618
4690,3619
4691,3620
4692,3621
4693,3622
4694,3623
4696,3624
4697,3625
4699,3626
4700,3627
4701,3628
4702,3629
4703,3630
4706,3631
4708,3632
4710,3633
4711,3634
4714,3635
4715,3636
4716,3637
4717,3638
4718,3639
4719,3640
4720,3641
4721,3642
4722,3643
4723,3644
4724,3645
4725,3646
4727,3647
4728,3648
4729,3649
4730,3650
4731,3651
4734,3652
4735,3653
4736,3654
4737,3655
4738,3656
4739,3657
4740,3658
4741,3659
4742,3660
4743,3661
4744,3662
4745,3663
4747,3664
4748,3665
4749,3666
4750,3667
4751,3668
4752,3669
4753,3670
4755,3671
4756,3672
4758,3673
4760,3674
4761,3675
4762,3676
4763,3677
4764,3678
4767,3679
4768,3680
4769,3681
4770,3682
4772,3683
4773,3684
4774,3685
4776,3686
4777,3687
4778,3688
4779,3689
4780,3690
4781,3691
4782,3692
4783,3693
4784,3694
4785,3695
4789,3696
4790,3697
4791,3698
4792,3699
4794,3700
4795,3701
4796,3702
4797,3703
4799,3704
4801,3705
4802,3706
4803,3707
4804,3708
4805,3709
4806,3710
4808,3711
4809,3712
4811,3713
4813,3714
4814,3715
4815,3716
4816,3717
4817,3718
4818,3719
4819,3720
4820,3721
4821,3722
4822,3723
4823,3724
4824,3725
4825,3726
4827,3727
4829,3728
4831,3729
4832,3730
4833,3731
4835,3732
4838,3733
4840,3734
4841,3735
4842,3736
4843,3737
4844,3738
4845,3739
4847,3740
4848,3741
4849,3742
4851,3743
4852,3744
4853,3745
4854,3746
4855,3747
4856,3748
4857,3749
4858,3750
4859,3751
4860,3752
4861,3753
4862,3754
4864,3755
4865,3756
4866,3757
4867,3758
4868,3759
4870,3760
4871,3761
4872,3762
4873,3763
4874,3764
4875,3765
4876,3766
4878,3767
4879,3768
4880,3769
4881,3770
4882,3771
4884,3772
4885,3773
4886,3774
4888,3775
4889,3776
4890,3777
4891,3778
4893,3779
4894,3780
4895,3781
4897,3782
4898,3783
4899,3784
4900,3785
4901,3786
4902,3787
4904,3788
4905,3789
4906,3790
4908,3791
4910,3792
4911,3793
4912,3794
4913,3795
4914,3796
4917,3797
4918,3798
4919,3799
4920,3800
4921,3801
4922,3802
4923,3803
4924,3804
4925,3805
4926,3806
4927,3807
4929,3808
4930,3809
4931,3810
4932,3811
4933,3812
4934,3813
4935,3814
4936,3815
4937,3816
4938,3817
4939,3818
4940,3819
4941,3820
4942,3821
4943,3822
4944,3823
4945,3824
4946,3825
4947,3826
4948,3827
4949,3828
4950,3829
4951,3830
4952,3831
4953,3832
4955,3833
4956,3834
4958,3835
4959,3836
4960,3837
4961,3838
4962,3839
4964,3840
4965,3841
4966,3842
4967,3843
4968,3844
4969,3845
4971,3846
4972,3847
4973,3848
4975,3849
4978,3850
4980,3851
4981,3852
4982,3853
4983,3854
4985,3855
4986,3856
4987,3857
4988,3858
4989,3859
4990,3860
4991,3861
4992,3862
4993,3863
4994,3864
4995,3865
4996,3866
4998,3867
4999,3868
5000,3869
5001,3870
5002,3871
5003,3872
5004,3873
5006,3874
5007,3875
5009,3876
5011,3877
5012,3878
5013,3879
5014,3880
5015,3881
5017,3882
5018,3883
5019,3884
5021,3885
5022,3886
5023,3887
5024,3888
5025,3889
5027,3890
5028,3891
5030,3892
5031,3893
5032,3894
5033,3895
5034,3896
5035,3897
5036,3898
5037,3899
5038,3900
5040,3901
5041,3902
5042,3903
5043,3904
5044,3905
5045,3906
5046,3907
5047,3908
5048,3909
5049,3910
5050,3911
5051,3912
5052,3913
5053,3914
5056,3915
5057,3916
5058,3917
5059,3918
5060,3919
5061,3920
5062,3921
5063,3922
5064,3923
5065,3924
5066,3925
5067,3926
5068,3927
5069,3928
5070,3929
5071,3930
5072,3931
5073,3932
5074,3933
5077,3934
5079,3935
5080,3936
5081,3937
5082,3938
5083,3939
5084,3940
5085,3941
5086,3942
5087,3943
5088,3944
5089,3945
5090,3946
5091,3947
5092,3948
5093,3949
5094,3950
5095,3951
5096,3952
5097,3953
5099,3954
5100,3955
5101,3956
5102,3957
5103,3958
5104,3959
5106,3960
5107,3961
5108,3962
5110,3963
5111,3964
5115,3965
5116,3966
5119,3967
5120,3968
5122,3969
5124,3970
5125,3971
5126,3972
5127,3973
5128,3974
5129,3975
5130,3976
5132,3977
5133,3978
5135,3979
5136,3980
5137,3981
5140,3982
5141,3983
5143,3984
5144,3985
5147,3986
5149,3987
5150,3988
5152,3989
5154,3990
5155,3991
5156,3992
5157,3993
5158,3994
5160,3995
5162,3996
5163,3997
5164,3998
5165,3999
5167,4000
5168,4001
5170,4002
5171,4003
5172,4004
5173,4005
5174,4006
5175,4007
5176,4008
5177,4009
5178,4010
5179,4011
5180,4012
5181,4013
5182,4014
5183,4015
5184,4016
5185,4017
5186,4018
5188,4019
5189,4020
5190,4021
5191,4022
5193,4023
5195,4024
5196,4025
5197,4026
5198,4027
5200,4028
5201,4029
5203,4030
5204,4031
5205,4032
5206,4033
5207,4034
5209,4035
5211,4036
5212,4037
5214,4038
5215,4039
5216,4040
5217,4041
5218,4042
5219,4043
5221,4044
5223,4045
5224,4046
5225,4047
5226,4048
5227,4049
5228,4050
5229,4051
5230,4052
5231,4053
5233,4054
5234,4055
5235,4056
5236,4057
5237,4058
5238,4059
5239,4060
5240,4061
5244,4062
5246,4063
5248,4064
5250,4065
5251,4066
5252,4067
5253,4068
5255,4069
5256,4070
5257,4071
5258,4072
5259,4073
5261,4074
5263,4075
5264,4076
5265,4077
5266,4078
5267,4079
5269,4080
5270,4081
5273,4082
5274,4083
5275,4084
5276,4085
5277,4086
5278,4087
5279,4088
5281,4089
5283,4090
5284,4091
5285,4092
5286,4093
5287,4094
5288,4095
5289,4096
5290,4097
5291,4098
5292,4099
5293,4100
5294,4101
5295,4102
5296,4103
5297,4104
5299,4105
5300,4106
5303,4107
5304,4108
5306,4109
5308,4110
5309,4111
5310,4112
5311,4113
5312,4114
5313,4115
5314,4116
5315,4117
5317,4118
5318,4119
5319,4120
5322,4121
5323,4122
5324,4123
5325,4124
5327,4125
5328,4126
5329,4127
5330,4128
5331,4129
5332,4130
5335,4131
5336,4132
5338,4133
5339,4134
5340,4135
5341,4136
5343,4137
5346,4138
5347,4139
5348,4140
5349,4141
5351,4142
5352,4143
5353,4144
5354,4145
5355,4146
5357,4147
5358,4148
5359,4149
5360,4150
5361,4151
5363,4152
5364,4153
5365,4154
5366,4155
5367,4156
5369,4157
5371,4158
5372,4159
5373,4160
5374,4161
5375,4162
5376,4163
5377,4164
5378,4165
5379,4166
5380,4167
5381,4168
5382,4169
5383,4170
5384,4171
5385,4172
5386,4173
5387,4174
5388,4175
5390,4176
5391,4177
5392,4178
5396,4179
5397,4180
5398,4181
5399,4182
5400,4183
5401,4184
5405,4185
5406,4186
5407,4187
5408,4188
5410,4189
5411,4190
5412,4191
5413,4192
5414,4193
5416,4194
5417,4195
5419,4196
5421,4197
5422,4198
5423,4199
5424,4200
5425,4201
5426,4202
5427,4203
5428,4204
5429,4205
5431,4206
5433,4207
5434,4208
5435,4209
5436,4210
5437,4211
5440,4212
5442,4213
5443,4214
5444,4215
5445,4216
5446,4217
5447,4218
5448,4219
5449,4220
5450,4221
5451,4222
5452,4223
5453,4224
5454,4225
5456,4226
5457,4227
5458,4228
5459,4229
5460,4230
5461,4231
5462,4232
5464,4233
5466,4234
5469,4235
5470,4236
5471,4237
5473,4238
5474,4239
5475,4240
5476,4241
5477,4242
5478,4243
5479,4244
5480,4245
5481,4246
5482,4247
5484,4248
5485,4249
5486,4250
5487,4251
5489,4252
5490,4253
5491,4254
5493,4255
5494,4256
5495,4257
5496,4258
5497,4259
5499,4260
5500,4261
5502,4262
5503,4263
5505,4264
5508,4265
5510,4266
5511,4267
5512,4268
5513,4269
5514,4270
5515,4271
5517,4272
5518,4273
5519,4274
5520,4275
5521,4276
5522,4277
5523,4278
5524,4279
5525,4280
5526,4281
5527,4282
5528,4283
5529,4284
5531,4285
5532,4286
5533,4287
5534,4288
5535,4289
5537,4290
5538,4291
5539,4292
5540,4293
5541,4294
5542,4295
5543,4296
5545,4297
5547,4298
5548,4299
5550,4300
5552,4301
5553,4302
5554,4303
5555,4304
5556,4305
5557,4306
5559,4307
5560,4308
5562,4309
5563,4310
5565,4311
5566,4312
5567,4313
5568,4314
5570,4315
5571,4316
5572,4317
5574,4318
5575,4319
5576,4320
5578,4321
5579,4322
5580,4323
5581,4324
5582,4325
5583,4326
5585,4327
5586,4328
5587,4329
5588,4330
5589,4331
5590,4332
5591,4333
5592,4334
5593,4335
5594,4336
5595,4337
5596,4338
5597,4339
5600,4340
5601,4341
5602,4342
5604,4343
5605,4344
5606,4345
5607,4346
5608,4347
5609,4348
5610,4349
5611,4350
5612,4351
5615,4352
5616,4353
5617,4354
5618,4355
5619,4356
5622,4357
5623,4358
5625,4359
5626,4360
5627,4361
5628,4362
5629,4363
5631,4364
5632,4365
5633,4366
5636,4367
5637,4368
5639,4369
5643,4370
5644,4371
5645,4372
5646,4373
5647,4374
5648,4375
5650,4376
5651,4377
5653,4378
5654,4379
5657,4380
5658,4381
5660,4382
5661,4383
5662,4384
5663,4385
5664,4386
5665,4387
5666,4388
5667,4389
5668,4390
5669,4391
5670,4392
5671,4393
5673,4394
5674,4395
5675,4396
5677,4397
5678,4398
5679,4399
5680,4400
5682,4401
5683,4402
5685,4403
5688,4404
5690,4405
5691,4406
5692,4407
5694,4408
5695,4409
5696,4410
5698,4411
5701,4412
5702,4413
5703,4414
5704,4415
5705,4416
5706,4417
5707,4418
5708,4419
5709,4420
5710,4421
5712,4422
5713,4423
5714,4424
5716,4425
5717,4426
5718,4427
5719,4428
5722,4429
5723,4430
5724,4431
5725,4432
5726,4433
5727,4434
5729,4435
5730,4436
5731,4437
5732,4438
5733,4439
5734,4440
5735,4441
5736,4442
5737,4443
5738,4444
5739,4445
5742,4446
5743,4447
5744,4448
5745,4449
5746,4450
5747,4451
5748,4452
5749,4453
5750,4454
5751,4455
5752,4456
5753,4457
5756,4458
5757,4459
5758,4460
5759,4461
5761,4462
5762,4463
5764,4464
5765,4465
5766,4466
5767,4467
5768,4468
5770,4469
5771,4470
5775,4471
5776,4472
5777,4473
5778,4474
5780,4475
5781,4476
5782,4477
5783,4478
5784,4479
5785,4480
5786,4481
5787,4482
5790,4483
5791,4484
5792,4485
5793,4486
5795,4487
5796,4488
5799,4489
5800,4490
5802,4491
5804,4492
5805,4493
5806,4494
5807,4495
5808,4496
5809,4497
5810,4498
5811,4499
5812,4500
5813,4501
5814,4502
5816,4503
5817,4504
5818,4505
5819,4506
5822,4507
5823,4508
5825,4509
5826,4510
5827,4511
5829,4512
5830,4513
5832,4514
5833,4515
5834,4516
5835,4517
5837,4518
5838,4519
5839,4520
5840,4521
5841,4522
5842,4523
5845,4524
5846,4525
5847,4526
5849,4527
5851,4528
5852,4529
5853,4530
5855,4531
5856,4532
5857,4533
5859,4534
5860,4535
5861,4536
5862,4537
5863,4538
5864,4539
5865,4540
5866,4541
5868,4542
5869,4543
5870,4544
5871,4545
5872,4546
5873,4547
5874,4548
5875,4549
5876,4550
5877,4551
5878,4552
5881,4553
5882,4554
5883,4555
5884,4556
5885,4557
5887,4558
5889,4559
5890,4560
5891,4561
5892,4562
5893,4563
5894,4564
5896,4565
5897,4566
5898,4567
5899,4568
5901,4569
5902,4570
5903,4571
5904,4572
5905,4573
5907,4574
5908,4575
5909,4576
5911,4577
5912,4578
5914,4579
5915,4580
5916,4581
5917,4582
5918,4583
5920,4584
5922,4585
5923,4586
5925,4587
5926,4588
5928,4589
5930,4590
5931,4591
5933,4592
5934,4593
5935,4594
5936,4595
5937,4596
5938,4597
5939,4598
5940,4599
5941,4600
5943,4601
5944,4602
5945,4603
5946,4604
5947,4605
5948,4606
5950,4607
5952,4608
5953,4609
5955,4610
5956,4611
5958,4612
5960,4613
5962,4614
5965,4615
5966,4616
5967,4617
5968,4618
5969,4619
5972,4620
5973,4621
5975,4622
5976,4623
5982,4624
5983,4625
5984,4626
5985,4627
5986,4628
5987,4629
5989,4630
5990,4631
5991,4632
5992,4633
5993,4634
5994,4635
5995,4636
5996,4637
5997,4638
5999,4639
6000,4640
6002,4641
6003,4642
6004,4643
6005,4644
6006,4645
6008,4646
6009,4647
6010,4648
6011,4649
6013,4650
6014,4651
6015,4652
6016,4653
6017,4654
6019,4655
6020,4656
6021,4657
6022,4658
6023,4659
6024,4660
6025,4661
6026,4662
6027,4663
6028,4664
6029,4665
6030,4666
6031,4667
6032,4668
6033,4669
6034,4670
6037,4671
6038,4672
6039,4673
6040,4674
